label,itemid,label
% Minute Volume,229659,11
16 Gauge Dressing Occlusive,227366,2
16 Gauge placed in outside facility,226136,2
16 Gauge placed in the field,228098,2
18 G Infiltration Scale,228012,202
18 G Phlebitis Scale,228011,203
18 Gauge Dressing Occlusive,227367,424
18 Gauge Reason Discontinued,225233,11
18 Gauge Site Appear,225234,211
18 Gauge placed in outside facility,226137,406
18 Gauge placed in the field,228099,313
20 G Infiltration Scale,228014,299
20 G Phlebitis Scale,228013,299
20 Gauge Dressing Occlusive,227368,471
20 Gauge Reason Discontinued,225230,21
20 Gauge Site Appear,225231,139
20 Gauge placed in outside facility,226138,470
20 Gauge placed in the field,228100,400
22 G Infiltration Scale,228016,67
22 G Phlebitis Scale,228015,67
22 Gauge Dressing Occlusive,227369,90
22 Gauge Reason Discontinued,224121,5
22 Gauge Site Appear,224119,23
22 Gauge placed in outside facility,226139,83
22 Gauge placed in the field,228101,83
ABP Alarm Source,227239,306
ALT,220644,240
ART BP Diastolic,225310,334
ART BP Mean,225312,335
ART BP Systolic,225309,334
ART Blood Pressure Alarm - High,227537,39
ART Blood Pressure Alarm - Low,227538,40
ART Blood Pressure Alarm Source,227539,41
ART Lumen Volume,224404,363
AST,220587,240
AV Fistula L Bruit,224803,14
AV Fistula L Thrill,224804,15
AV Fistula R Bruit,224800,102
AV Fistula R Thrill,224801,102
AVA Dressing Occlusive,227723,59
AVA Line Placement Confirmed by X-ray,227732,59
AVA Line Site Appear,227728,58
AVA Line Zero/Calibrate,227731,6
AVA Line placed in outside facility,227727,56
AVA Waveform Appearance,227730,32
Abdominal Assessment,224003,1981
Abdominal Changes: Observation,224673,6
Absolute Count - Basos,229361,34
Absolute Count - Eos,229360,34
Absolute Count - Lymphs,229358,34
Absolute Count - Monos,229359,34
Absolute Count - Neuts,229357,34
Absolute Neutrophil Count,229355,2
Access Pressure,224149,1227
Activated Clotting Time,220507,1
Activity,224084,2206
Activity / Mobility (JH-HLM),229319,136
Activity / Mobility (JH-HLM),229321,1211
Activity / Mobility (RN Daily Mobility Goal),229742,3
Activity Intolerance  NCP - Expected outcomes,229327,20
Activity Intolerance  NCP - Interventions,229330,3
Activity Intolerance  NCP - Problem resolved,229334,1
Activity Intolerance NCP - Plan revised,229333,1
Activity Tolerance,224086,3392
Acuity Workload Question 1,229369,201
Acuity Workload Question 2,229370,201
Admission Weight (Kg),226512,67
Admission Weight (lbs.),226531,149
Agitation,223817,46
Airway Location,227567,5
Airway Size (mm),227568,8
Airway Type,223836,69
Alarms On,224641,2131
Albumin,227456,118
Alkaline Phosphate,225612,235
All Medications Tolerated without Adverse Side Effects,227968,823
Altered Mental Status  NCP - Expected outcomes,228973,357
Altered Mental Status  NCP - Interventions,228977,734
Altered Mental Status  NCP - Plan revised,229088,38
Altered Mental Status  NCP - Problem resolved,229089,76
Altered Respiratory Status NCP - Expected outcomes,228902,1057
Altered Respiratory Status NCP - Interventions,228905,2714
Altered Respiratory Status NCP - Plan revised,229090,106
Altered Respiratory Status NCP - Problem resolved,229091,216
Altered Sensory Perception NCP - Expected Outcomes,229124,12
Altered Sensory Perception NCP - Interventions,229126,54
Altered Sensory Perception NCP - Plan revised,229128,2
Altered Sensory Perception NCP - Problem resolved,229129,3
Altered Skin Integrity NCP - Expected outcomes,228911,548
Altered Skin Integrity NCP - Interventions,228914,877
Altered Skin Integrity NCP - Plan revised,229092,47
Altered Skin Integrity NCP - Problem resolved,229093,116
Ambulatory aid,227343,965
Amylase,220581,35
Angio Appearance # 1,223968,144
Angio Dressing # 1,223970,140
Angio Site # 1,223967,145
Anion gap,227073,731
Anti Embolic Device,224089,2155
Anti Embolic Device Status,225054,1891
Anxiety,223811,46
Any fear in relationships,225074,94
Apnea Interval,223876,1174
Appetite,225120,93
Arctic Sun Temp #1 Location,227630,41
Arctic Sun Temp #2 Location,227631,86
Arctic Sun Water Temp,227628,33
Arctic Sun/Alsius Set Temp,227627,33
Arctic Sun/Alsius Temp #1 C,227632,38
Arctic Sun/Alsius Temp #2 C,227634,83
Arterial Base Excess,224828,714
Arterial Blood Pressure Alarm - High,220058,311
Arterial Blood Pressure Alarm - Low,220056,313
Arterial Blood Pressure diastolic,220051,4006
Arterial Blood Pressure mean,220052,4023
Arterial Blood Pressure systolic,220050,4006
Arterial CO2 Pressure,220235,714
Arterial Line Discontinued,225737,19
Arterial Line Dressing Occlusive,227292,607
Arterial Line Tip Cultured,225722,14
Arterial Line Zero/Calibrate,225210,334
Arterial Line placed in outside facility,226107,641
Arterial O2 Saturation,220227,218
Arterial O2 pressure,220224,714
Arterial line Site Appear,224289,888
Arterial line Waveform Appear,224291,729
Assistance,228868,1849
Assistance Device,224085,804
Assistance Device,228306,985
Assisted Systole,224309,49
Ataxia,223827,34
Auditory Disturbance,223814,46
Augmented Diastole,224310,49
Autoset/CPAP,227583,16
BAEDP,224311,49
BIS - EMG,228442,16
BIS - SQI,228443,16
BIS Index Range,228444,8
BUN,225624,720
Back Care,225187,552
Balance,225097,118
Baseline Current/mA,224661,37
Baseline pain level,225813,51
Basic Mobility (AM-PAC),229633,4
Bath,228393,471
Bed Bath,225313,110
Behavior,226105,258
BiPap EPAP,227579,13
BiPap IPAP,227580,7
BiPap Mask,227578,18
BiPap Mode,227577,9
BiPap O2 Flow,227582,17
Bladder Irrigation,224019,2
Bladder Pressure,223763,56
Bladder Scan Estimate,229371,17
Bladder scanned,228714,7
Blood Flow (ml/min),224144,1206
Blood Temperature CCO (C),226329,243
Blood Transfusion Consent,226473,14
Bowel Sounds,224004,1639
Brachial Pulse L,223944,6
Brachial Pulse R,223939,6
Braden Activity,224056,1254
Braden Friction/Shear,224059,1254
Braden Mobility,224057,1256
Braden Moisture,224055,1256
Braden Nutrition,224058,1256
Braden Sensory Perception,224054,1257
Brain Natiuretic Peptide (BNP),227446,3
Breathing pattern/effort,229322,666
C Reactive Protein (CRP),227444,2
CAM-ICU Altered LOC,228334,157
CAM-ICU Disorganized thinking,228303,106
CAM-ICU Disorganized thinking,228335,6
CAM-ICU Disorganized thinking,229324,10
CAM-ICU Inattention,228336,68
CAM-ICU Inattention,229325,138
CAM-ICU MS Change,228337,283
CAM-ICU MS Change,229326,231
CAM-ICU MS change,228300,21
CAUTI Info Given,229600,23
CCO PAC Discontinued,225738,1
CCO PAC Dressing Occlusive,227352,25
CCO PAC Line Tip Cultured,225723,1
CCO PAC Placement Confirmed by X-ray,227751,21
CCO PAC Site Appear,225225,25
CCO PAC Waveform Appear,225227,21
CCO PAC Zero/Calibrate,225228,8
CCO PAC placed in outside facility,226108,25
CHG Bath,228137,50
CK (CPK),225634,84
CK-MB,227445,93
CK-MB fraction (%),225628,40
CO (Arterial),227543,51
CO / CI Change,228370,4
CO2 production,220245,92
CP-Pain Assessment Method,229705,5
CP-Pain Assessment Method-Post,229706,4
CP-Pain Management,229704,12
CPOT-Body Movements (CPOTa),229697,116
CPOT-Body Movements (CPOTb),229696,207
CPOT-Facial Expression (CPOTa),229699,117
CPOT-Facial Expression (CPOTb),229698,207
CPOT-Muscle Tension (CPOTa),229692,116
CPOT-Muscle Tension (CPOTb),229691,207
CPOT-Pain Assessment Method,229689,302
CPOT-Pain Management,229703,305
CPOT-Vocalization (CPOTa),229694,116
CPOT-Vocalization (CPOTb),229695,206
CRRT mode,227290,600
CT #1 Crepitus,223998,154
CT #1 Drainage,223996,170
CT #1 Dressing,223997,169
CT #1 Fluctuate,223995,172
CT #1 Leak,224775,173
CT #1 Suction Amount,223994,176
CT #1 Suction Type,224806,178
CT #2 Crepitus,224423,97
CT #2 Drainage,224424,101
CT #2 Dressing,224425,106
CT #2 Fluctuate,224426,103
CT #2 Leak,224777,101
CT #2 Suction Amount,224427,110
CT #2 Suction Type,224808,110
CT #3 Crepitus,224428,32
CT #3 Drainage,224430,36
CT #3 Dressing,224432,36
CT #3 Fluctuate,224434,35
CT #3 Leak,224779,35
CT #3 Suction Amount,224436,42
CT #3 Suction Type,224810,42
CT #4 Crepitus,224429,20
CT #4 Drainage,224431,9
CT #4 Dressing,224433,18
CT #4 Fluctuate,224435,9
CT #4 Leak,224781,9
CT #4 Suction Amount,224437,14
CT #4 Suction Type,224812,14
CV - past medical history,225811,182
Calcium non-ionized,225625,687
Called Out,225280,30
Capillary Refill L,224308,948
Capillary Refill R,223951,981
Cardiac Index (CI NICOM),228368,17
Cardiac Output (CCO),224842,223
Cardiac Output (CO NICOM),228369,16
Cardiac Output (thermodilution),220088,1
Central Venous O2% Sat,227686,13
Central Venous Pressure,220074,1956
Central Venous Pressure  Alarm - Low,220073,162
Central Venous Pressure Alarm - High,220072,161
Cerebellar - Finger -> Nose,229386,15
Cerebellar - Heel -> Shin,229387,2
Cervical Collar Status,224110,203
Cervical Collar Type,224109,216
Changes in Temperature,224674,6
Chest PT R/L,224101,72
Chest Tube Site # 1,223993,178
Chest Tube Site # 2,224438,120
Chest Tube Site #3,224439,49
Chest Tube Site #4,224440,32
Chloride (serum),220602,769
Chloride (whole blood),226536,54
Cholesterol,220603,5
Circuit Changed,224713,2
Circulation/Skin Integrity,224065,1
Circulation/Skin Integrity,227951,1321
Citrate (ACD-A),228004,909
Code Status,223758,94
Code Status.,228687,1
Collar Care,225192,48
Commands,228398,686
Commands Response,228397,739
Communication,223903,226
Compliance,229661,131
Compression device # 1,228419,29
Consults,225135,53
Cont Neb - Med,224375,33
Cont. Neb Med Dose,227131,33
Continuous Pressure Machine Status,224091,2
Cooling Device,224106,131
Cooling Device Status,225052,126
Coping/Knowledge Deficit  NCP - Expected outcomes,228953,91
Coping/Knowledge Deficit  NCP - Interventions,228957,195
Coping/Knowledge Deficit  NCP - Plan revised,229094,4
Coping/Knowledge Deficit  NCP - Problem resolved,229095,21
Cordis/Introducer Discontinued,225739,1
Cordis/Introducer Dressing Occlusive,227350,48
Cordis/Introducer Line Tip Cultured,225724,2
Cordis/Introducer Placement Confirmed by X-ray,227752,45
Cordis/Introducer Site Appear,224297,47
Cordis/Introducer placed in outside facility,226109,48
Corneal Reflex Left,224731,189
Corneal Reflex Left,228415,286
Corneal Reflex Right,224730,194
Corneal Reflex Right,228416,286
Cortisol,227463,12
Cough Effort,223991,1459
Cough Reflex,223905,1036
Cough Type,223992,1136
Cough/Deep Breath,225188,232
Creatinine (serum),220615,724
Creatinine (whole blood),229761,2
Cuff Pressure,224417,236
Cuff Volume (mL),224418,3
Cuff Volume/units,224680,1
Current Dyspnea Assessment,229323,210
Current Goal,225183,1262
Current Used/mA,224662,39
Currently experiencing pain,225113,87
D-Dimer,225636,3
DVT Prophy,228700,1
Daily Wake Up,227375,358
Daily Wake Up,228298,936
Daily Wake Up Deferred,223780,309
Daily Wake Up Deferred,228297,206
Daily Weight,224639,750
Delirium assessment,228332,590
Dialysate Fluid,225977,1068
Dialysate Rate,224154,1204
Dialysis Catheter Discontinued,225740,1
Dialysis Catheter Dressing Occlusive,227357,319
Dialysis Catheter Placement Confirmed by X-ray,227753,209
Dialysis Catheter Site Appear,225323,407
Dialysis Catheter Tip Cultured,225725,13
Dialysis Catheter Type,227124,278
Dialysis Catheter Type,229536,88
Dialysis Catheter placed in outside facility,226118,353
Dialysis patient,225126,90
Diet Type,224001,1976
Differential - Immature Granulocytes,229356,9
Differential-Atyps,225637,87
Differential-Bands,225638,88
Differential-Basos,225639,118
Differential-Eos,225640,118
Differential-Lymphs,225641,118
Differential-Monos,225642,118
Differential-Neuts,225643,118
Difficulty swallowing,225118,93
Digoxin,227440,4
Direct Bilirubin,225651,39
Discharge NCP - Expected outcomes,228993,10
Discharge NCP - Interventions,228997,30
Discharge NCP - Plan revised,229096,1
Discharge NCP - Problem resolved,229097,5
Discharge Recommendations (AM-PAC),229638,4
Discharge from ICU,228689,1
Discharge needs,225133,26
Dorsal PedPulse L,223943,1546
Dorsal PedPulse R,223934,1569
Dressing Status #1,224851,306
Dressing Status #2,225028,68
Dressing Status #3,225029,33
Dressing Status #4,225030,5
Drowsiness,223829,38
Dwell Time (Peritoneal Dialysis),225810,3
ETOH,225106,93
ETT Location,223838,856
ETT Mark (cm),224415,862
ETT Mark (location),224391,275
ETT Position Change,227809,36
ETT Re-taped,227810,25
ETT Size (ID),223837,849
ETT Type,224832,837
Ectopy Frequency 1,224651,1587
Ectopy Frequency 2,226480,317
Ectopy Type 1,224650,7390
Ectopy Type 2,226479,417
Edema Amount,224862,924
Edema Location,224031,1674
Education Barrier,224076,832
Education Existing Knowledge,228880,298
Education Learner,224072,738
Education Method,224077,749
Education Readiness,224075,424
Education Readiness/Motivation,228879,303
Education Response,224079,717
Education Topic,224073,1804
Effluent Pressure,224151,1222
Elimination NCP - Expected outcomes,229133,102
Elimination NCP - Interventions,229134,136
Elimination NCP - Plan revised,229123,11
Elimination NCP - Problem resolved,229122,34
Emesis Appearance,224006,15
Emotional / physical / sexual harm by partner or close relation,225076,73
Estimated Energy Needs/Kg,226183,1
Estimated Protein Needs/Kg,226184,1
EtCO2,228640,165
EtCO2 Clinical indication,228641,7
Expiratory Ratio,226871,486
Extraocular Movements,229383,42
Eye Care,225184,467
FK506,227462,25
Face to Face Eval (Non-violent),227949,983
Facial Droop,228399,376
Family Communication,224024,852
Family Meeting,224447,5
Feeding Weight,226846,13
Femoral Pulse L,223945,1
Femoral Pulse R,223940,4
Fibrinogen,227468,91
Filter Pressure,224150,1226
Flatus,224005,559
Flow Pattern,224692,1083
Flow Rate (L/min),224691,304
Flow Rate (variable/fixed),224735,1020
Flow Sensitivity,224865,1103
Foley Cath Insertion Location,229354,322
Follows Commands,223910,225
Food and Fluid,227955,1569
Fspn High,223875,1119
GCS - Eye Opening,220739,1952
GCS - Motor Response,223901,1943
GCS - Verbal Response,223900,1946
GI #1 Intub Site,224007,761
GI #1 Tube Drainage,224009,298
GI #1 Tube Mark (CM),229300,145
GI #1 Tube Place Check,224010,164
GI #1 Tube Place Check,228307,406
GI #1 Tube Place Method,227588,65
GI #1 Tube Place Method,228308,279
GI #1 Tube Status,224786,746
GI #1 Tube Type,224785,792
GI #2 Intub Site,224441,273
GI #2 Tube Drainage,224445,113
GI #2 Tube Mark (CM),229301,20
GI #2 Tube Place Check,224443,39
GI #2 Tube Place Check,228309,151
GI #2 Tube Place Method,227589,17
GI #2 Tube Place Method,228310,129
GI #2 Tube Status,224789,272
GI #2 Tube Type,224788,273
GI #3 Intub Site,224442,7
GI #3 Tube Place Check,224444,2
GI #3 Tube Place Method,227590,1
GI #3 Tube Status,224792,7
GI #3 Tube Type,224791,7
GI Guaiac,227585,26
GI Guaiac QC,227802,4
GI Prophy,229292,1
GI pH,227586,1
GU Catheter Size,224017,933
Gag Reflex,223904,1014
Gait/Transferring,227345,968
Gentamicin (Random),227447,5
Gentamicin (Trough),227449,10
Glucose (serum),220621,733
Glucose (whole blood),226537,275
Glucose Control - Prophy,228692,1
Glucose finger stick (range 70-100),225664,1127
Goal Richmond-RAS Scale,228299,1232
Goose Flesh,224667,6
Graft/Flap Pulse,223942,7
HCO3 (serum),227443,735
HDL,220624,3
Head of Bed,224080,3566
Headache,223820,46
Health Care Proxy,223760,29
Heart Rate,220045,9547
Heart Rate Alarm - Low,220047,864
Heart Rhythm,220048,8618
Heart rate Alarm - High,220046,863
Height,226707,36
Height (cm),226730,36
Hematocrit (serum),220545,701
Hematocrit (whole blood - calc),226540,77
Hemodialysis Output,226499,19
Hemoglobin,220228,685
Heparin Concentration (units/mL),225958,13
Heparin Dose (per hour),224145,268
High risk (>51) interventions,227349,338
History of falling (within 3 mnths),227341,974
History of slips / falls,225094,111
Home TF,228648,91
Hourly Patient Fluid Removal,224191,1306
Humidification,227517,1099
Humidifier Water % Fill Level,229245,334
Humidifier Water Changed,229244,308
IABP Alarms Activated,225981,12
IABP Art. Waveform Appear,225341,12
IABP Arterial Waveform Source,225986,12
IABP Balloon Waveform,225982,12
IABP Helium Tubing,225985,12
IABP Mean,224322,49
IABP Placement Confirmed by X-ray,227754,12
IABP Position on leg,225988,36
IABP Power Source,225987,12
IABP Site Appear,225339,12
IABP Size,225979,12
IABP Trigger,225984,12
IABP Volume,225980,12
IABP Zero/Calibrate,225342,12
IABP placed in outside facility,226110,12
ICU Consent Signed,226185,25
INR,227467,478
IV/Saline lock,227344,967
Immobilizer,227663,71
Immobilizer Device,227664,43
Impaired Fluid Balance NCP - Expected outcomes,228894,887
Impaired Fluid Balance NCP - Interventions,228898,1846
Impaired Fluid Balance NCP - Plan revised,229098,70
Impaired Fluid Balance NCP - Problem resolved,229099,169
Impaired Mobility  NCP - Interventions,229347,14
Impaired Mobility NCP - Expected outcomes,229344,12
Impaired Mobility NCP - Plan revised,229350,2
Impaired Mobility NCP - Problem resolved,229349,2
Impaired Skin  - Dressing Status  #8,227787,78
Impaired Skin  - Dressing Status #1,227780,260
Impaired Skin  - Dressing Status #10,227789,83
Impaired Skin  - Dressing Status #2,227781,209
Impaired Skin  - Dressing Status #3,227782,213
Impaired Skin  - Dressing Status #5,227784,91
Impaired Skin  - Dressing Status #6,227785,86
Impaired Skin  - Dressing Status #7,227786,72
Impaired Skin  - Dressing Status #9,227788,40
Impaired Skin #1- Cleanse,228518,51
Impaired Skin #1- Dressing Status,228600,121
Impaired Skin #1- Location,228496,520
Impaired Skin #1- Treatment,228529,208
Impaired Skin #1- Type,228516,158
Impaired Skin #1- Type,228853,141
Impaired Skin #2- Cleanse,228519,9
Impaired Skin #2- Dressing Status,228601,33
Impaired Skin #2- Location,228497,225
Impaired Skin #2- Treatment,228530,66
Impaired Skin #2- Type,228577,88
Impaired Skin #2- Type,228854,58
Impaired Skin #3- Cleanse,228520,4
Impaired Skin #3- Dressing Status,228602,16
Impaired Skin #3- Location,228498,214
Impaired Skin #3- Treatment,228531,43
Impaired Skin #3- Type,228578,43
Impaired Skin #3- Type,228855,33
Impaired Skin #4- Cleanse,228521,6
Impaired Skin #4- Dressing Status,228603,3
Impaired Skin #4- Location,228499,98
Impaired Skin #4- Treatment,228532,26
Impaired Skin #4- Type,228579,44
Impaired Skin #4- Type,228856,10
Impaired Skin #5- Cleanse,228522,5
Impaired Skin #5- Dressing Status,228604,2
Impaired Skin #5- Location,228500,63
Impaired Skin #5- Treatment,228533,7
Impaired Skin #5- Type,228580,20
Impaired Skin #6- Dressing Status,228605,10
Impaired Skin #6- Location,228501,17
Impaired Skin #6- Treatment,228534,4
Impaired Skin #6- Type,228581,16
Impaired Skin #7- Cleanse,228524,1
Impaired Skin #7- Dressing Status,228606,7
Impaired Skin #7- Location,228502,15
Impaired Skin #7- Treatment,228535,6
Impaired Skin #7- Type,228582,16
Impaired Skin - Dressing Status  #4,227783,80
Impaired Skin Cleanse #1,224037,397
Impaired Skin Cleanse #10,227595,83
Impaired Skin Cleanse #2,224888,311
Impaired Skin Cleanse #3,224889,266
Impaired Skin Cleanse #4,224890,123
Impaired Skin Cleanse #5,224891,127
Impaired Skin Cleanse #6,224892,177
Impaired Skin Cleanse #7,224893,142
Impaired Skin Cleanse #8,224894,130
Impaired Skin Cleanse #9,227594,40
Impaired Skin Depth #1,224563,157
Impaired Skin Depth #2,224895,85
Impaired Skin Depth #3,224896,51
Impaired Skin Depth #7,224900,37
Impaired Skin Drainage #1,224259,570
Impaired Skin Drainage #10,227599,83
Impaired Skin Drainage #2,224902,353
Impaired Skin Drainage #3,224903,348
Impaired Skin Drainage #4,224904,143
Impaired Skin Drainage #5,224905,145
Impaired Skin Drainage #6,224906,195
Impaired Skin Drainage #7,224907,146
Impaired Skin Drainage #8,224908,131
Impaired Skin Drainage #9,227598,40
Impaired Skin Drainage Amount #1,224847,501
Impaired Skin Drainage Amount #10,227601,83
Impaired Skin Drainage Amount #2,224909,356
Impaired Skin Drainage Amount #3,224910,314
Impaired Skin Drainage Amount #4,224911,143
Impaired Skin Drainage Amount #5,224912,145
Impaired Skin Drainage Amount #6,224913,195
Impaired Skin Drainage Amount #7,224914,76
Impaired Skin Drainage Amount #8,224915,78
Impaired Skin Drainage Amount #9,227600,40
Impaired Skin Length #1,224562,401
Impaired Skin Length #10,227603,83
Impaired Skin Length #2,224916,157
Impaired Skin Length #3,224917,183
Impaired Skin Length #4,224918,83
Impaired Skin Length #5,224919,88
Impaired Skin Length #7,224921,73
Impaired Skin Length #8,224922,53
Impaired Skin Odor #1,224564,589
Impaired Skin Odor #10,227605,83
Impaired Skin Odor #2,224923,339
Impaired Skin Odor #3,224924,367
Impaired Skin Odor #4,224925,68
Impaired Skin Odor #5,224926,151
Impaired Skin Odor #6,224927,108
Impaired Skin Odor #7,224928,146
Impaired Skin Odor #8,224929,131
Impaired Skin Odor #9,227604,40
Impaired Skin Site #1,224032,1179
Impaired Skin Site #10,227607,83
Impaired Skin Site #2,224930,461
Impaired Skin Site #3,224931,421
Impaired Skin Site #4,224932,194
Impaired Skin Site #5,224933,148
Impaired Skin Site #6,224934,195
Impaired Skin Site #7,224935,143
Impaired Skin Site #8,224936,130
Impaired Skin Site #9,227606,39
Impaired Skin Treatment #1,224038,636
Impaired Skin Treatment #10,227609,83
Impaired Skin Treatment #2,224937,414
Impaired Skin Treatment #3,224938,412
Impaired Skin Treatment #4,224939,199
Impaired Skin Treatment #5,224940,152
Impaired Skin Treatment #6,224941,201
Impaired Skin Treatment #7,224942,215
Impaired Skin Treatment #8,224943,208
Impaired Skin Treatment #9,227608,88
Impaired Skin Type #1,224561,484
Impaired Skin Type #10,227613,83
Impaired Skin Type #2,224944,354
Impaired Skin Type #3,224945,362
Impaired Skin Type #4,224946,168
Impaired Skin Type #5,224947,147
Impaired Skin Type #6,224948,194
Impaired Skin Type #7,224949,143
Impaired Skin Type #8,224950,131
Impaired Skin Type #9,227612,40
Impaired Skin Width #1,224846,267
Impaired Skin Width #10,227615,83
Impaired Skin Width #2,224951,147
Impaired Skin Width #3,224952,183
Impaired Skin Width #4,224953,83
Impaired Skin Width #5,224954,88
Impaired Skin Width #7,224956,73
Impaired Skin Width #8,224957,53
Impaired Skin Wound Base #1,224226,880
Impaired Skin Wound Base #10,227617,89
Impaired Skin Wound Base #2,224958,434
Impaired Skin Wound Base #3,224959,366
Impaired Skin Wound Base #4,224960,186
Impaired Skin Wound Base #5,224961,163
Impaired Skin Wound Base #6,224962,212
Impaired Skin Wound Base #7,224963,234
Impaired Skin Wound Base #8,224964,83
Impaired Skin Wound Base #9,227616,40
Impaired Tissue Perfusion NCP - Expected outcomes,228924,2019
Impaired Tissue Perfusion NCP - Interventions,228928,2979
Impaired Tissue Perfusion NCP - Plan revised,229100,117
Impaired Tissue Perfusion NCP - Problem resolved,229101,256
In-line Suction Catheter Changed,227807,1
Incentive Spirometry,225189,31
Incision #1- Cleanse,228565,8
Incision #1- Dressing Status,228594,156
Incision #1- Location,228559,261
Incision #1- Treatment,228571,202
Incision #2- Cleanse,228566,4
Incision #2- Dressing Status,228595,63
Incision #2- Location,228560,118
Incision #2- Treatment,228572,107
Incision #3- Dressing Status,228596,41
Incision #3- Location,228561,62
Incision #3- Treatment,228573,61
Incision #4- Cleanse,228568,1
Incision #4- Dressing Status,228597,13
Incision #4- Location,228562,19
Incision #4- Treatment,228574,17
Incision #5- Dressing Status,228598,26
Incision #5- Location,228563,28
Incision #5- Treatment,228575,26
Incision #6- Cleanse,228570,1
Incision #6- Dressing Status,228599,19
Incision #6- Location,228564,20
Incision #6- Treatment,228576,20
Incision #7- Dressing Status,229037,5
Incision #7- Location,229015,8
Incision #7- Treatment,229028,8
Incision Appearance #1,224848,613
Incision Appearance #2,224993,155
Incision Appearance #3,224994,96
Incision Appearance #4,224995,24
Incision Appearance #5,224996,34
Incision Appearance #6,224997,20
Incision Appearance #7,229033,8
Incision Cleansing #1,224043,272
Incision Cleansing #2,224998,47
Incision Cleansing #3,224999,33
Incision Cleansing #4,225000,5
Incision Closure #1,224040,633
Incision Closure #2,225004,181
Incision Closure #3,225005,113
Incision Closure #4,225006,20
Incision Closure #5,225007,23
Incision Closure #6,225003,20
Incision Closure #7,229041,9
Incision Drainage #1,224041,495
Incision Drainage #2,225013,135
Incision Drainage #3,225014,82
Incision Drainage #4,225015,21
Incision Drainage #5,225016,25
Incision Drainage #6,225017,18
Incision Drainage #7,229045,8
Incision Drainage Amount #1,224850,416
Incision Drainage Amount #2,225018,110
Incision Drainage Amount #3,225019,71
Incision Drainage Amount #4,225020,17
Incision Drainage Amount #5,225021,21
Incision Drainage Amount #6,225022,17
Incision Drainage Amount #7,229049,8
Incision Dressing #1,224042,325
Incision Dressing #2,225023,56
Incision Dressing #3,225024,33
Incision Dressing #4,225025,5
Incision Packing #1,224044,141
Incision Site #1,227472,356
Incision Site #2,227473,66
Incision Site #3,227474,33
Incision Site #4,227475,5
Indwelling (PortaCath) Port #1,227127,9
Indwelling (PortaCath) Port #2,227128,9
Indwelling (PortaCath) Port Type,227125,28
Indwelling Port (PortaCath) Dressing Occlusive,227360,28
Indwelling Port (PortaCath) Site Appear,225379,32
Indwelling Port (PortaCath) placed in outside facility,227439,10
Indwelling Urinary Catheter Care,229681,34
Infection NCP - Expected outcomes,228943,599
Infection NCP - Interventions,228947,2262
Infection NCP - Plan revised,229102,95
Infection NCP - Problem resolved,229103,249
Insomnia,223823,45
Inspiratory Ratio,226873,486
Inspiratory Time,224738,668
Inspired Gas Temp.,223872,814
Inspired O2 Fraction,223835,1543
Insulin pump,228236,139
Interpreter,225090,51
Intra Aortic Balloon Pump Setting,227980,51
Intravenous  / IV access prior to admission,225103,144
Ionized Calcium,225667,521
Is the spokesperson the Health Care Proxy,225067,87
Judgement,225099,114
Knee Immobilizer Status,224090,17
Knee Location - CPM,227636,2
Knee Location - Immobilizer,225048,116
Known difficult intubation,226814,669
LDH,220632,149
LDL calculated,225671,4
LDL measured,227441,1
LL Strength/Movement,223920,618
LLE Color,223983,1015
LLE Sensation,224762,88
LLE Temp,224773,1072
LLL Lung Sounds,223989,2320
LU Strength/Movement,223919,619
LUE Color,223982,1027
LUE Sensation,224759,90
LUE Temp,224769,1073
LUL Lung Sounds,223988,2287
Lacrimation,224670,6
Lactic Acid,225668,543
Leg Raise Result (NICOM),228372,4
Legal Guardian,226889,14
Less Restrictive Measures,227958,5403
Level of Consciousness,226104,800
Line Type,229535,184
Lines/Tubes,228702,2
Lipase,225672,44
Living situation,225072,146
MDI #1 Drug,224170,306
MDI #1 Puff,224169,182
MDI #2 Drug,224173,115
MDI #2 Puff,224172,75
MDI #3 Drug,224176,10
MDI #3 Puff,224175,6
Magnesium,220635,717
Manual Blood Pressure Diastolic Left,224643,4
Manual Blood Pressure Diastolic Right,227242,4
Manual Blood Pressure Systolic Left,224167,4
Manual Blood Pressure Systolic Right,227243,4
Mean Airway Pressure,224697,1218
Mental status,227346,963
Metabolic disturbance NCP - Expected outcomes,229143,52
Metabolic disturbance NCP - Interventions,229145,106
Metabolic disturbance NCP - Plan revised,229147,5
Metabolic disturbance NCP - Problem resolved,229148,13
Midline Discontinued,225743,1
Midline Dressing Occlusive,227418,9
Midline Placement Confirmed by X-ray,227755,7
Midline Site Appear,225347,12
Midline placed in outside facility,226112,9
Minute Volume,224687,1234
Minute Volume Alarm - High,220293,1177
Minute Volume Alarm - Low,220292,1180
Mixed Venous O2% Sat,225674,70
Motor L Arm,228404,375
Motor L Leg,228405,377
Motor R Arm,228406,377
Motor R Leg,228407,377
Multi Lumen - Obturator in place,229534,2
Multi Lumen Dressing Occlusive,227293,690
Multi Lumen Line Discontinued,225744,5
Multi Lumen Line Tip Cultured,225729,22
Multi Lumen Placement Confirmed by X-ray,227756,725
Multi Lumen Site Appear,224281,992
Multi Lumen Waveform Appear,224283,656
Multi Lumen Zero/Calibrate,225206,165
Multi Lumen placed in outside facility,226113,854
Muscle Aches,224675,6
NBP Alarm Source,227240,603
NIV Mask,225949,6
NMB Medication,223801,40
Nares L,224879,1262
Nares R,224000,1287
Nasal Congestion,224666,6
Nausea and Vomiting (CINA),224676,6
Nausea and Vomiting (CIWA),223805,46
Nerve Stimulated,223802,42
Neuro Symptoms,223921,18
Neurological Symptoms,228402,29
Nitric Oxide,224749,3
Nitric Oxide Tank Pressure,224750,3
Non Invasive Blood Pressure diastolic,220180,5486
Non Invasive Blood Pressure mean,220181,5498
Non Invasive Blood Pressure systolic,220179,5487
Non-Invasive Blood Pressure Alarm - High,223751,611
Non-Invasive Blood Pressure Alarm - Low,223752,611
Nutrition,229288,1
Nutrition  NCP - Expected outcomes,228962,20
Nutrition  NCP - Interventions,228966,60
Nutrition  NCP - Plan revised,229104,1
Nutrition  NCP - Problem resolved,229105,2
Nutrition NCP - Body needs,228971,10
O2 Delivery Device(s),226732,2207
O2 Flow,223834,742
O2 Flow (additional cannula),227287,34
O2 Saturation Pulseoxymetry Alarm - High,223769,843
O2 Saturation Pulseoxymetry Alarm - Low,223770,853
O2 saturation pulseoxymetry,220277,9038
OCAT - Lips Tongue Gums Palate,228343,13
"OCAT - Saliva secretions, Voice quality",228344,13
OCAT - Swallow,228345,13
OCAT - Teeth,228346,13
Oral Care,226168,1639
Oral Cavity,223999,1782
Orient/Clouding Sensory,223821,46
Orientation,223898,788
Orientation,229381,959
Orientation to Person,228394,369
Orientation to Place,228395,365
Orientation to Time,228396,356
Ostomy,224796,24
Ostomy Appearance,224797,15
Ostomy Care,225191,1
P High (APRV),224705,5
P Low (APRV),224706,5
PA Catheter Discontinued,225745,2
PA Catheter Dressing Occlusive,227351,47
PA Catheter Line Tip Cultured,225730,1
PA Catheter Placement Confirmed by X-ray,227757,47
PA Catheter Site Appear,225355,47
PA Catheter Waveform Appear,225357,47
PA Catheter Zero/Calibrate,225358,14
PA Catheter placed in outside facility,226114,47
PA Line cm Mark,223773,55
PAEDP,224654,49
PAP Alarm Source,227241,23
PAR-Activity,228229,9
PAR-Circulation,228230,9
PAR-Consciousness,228231,9
PAR-Oxygen saturation,228232,9
PAR-Remain sedated,228233,5
PAR-Respiration,228234,9
PBP (Prefilter) Replacement Rate,228005,913
PCA  dose units,227111,53
PCA 1 hour limit,224330,57
PCA 1 hour limit units,227113,52
PCA attempt,224663,46
PCA basal rate (mL/hour),224331,48
PCA bolus,224410,15
PCA bolus units,227115,4
PCA cleared,224379,16
PCA concentrations,228296,7
PCA dose,224328,59
PCA inject,224332,46
PCA lockout (min),224329,58
PCA medication,224327,58
PCA total dose,224665,43
PCA total dose units,227117,34
PCV Level,224702,1
PCWP,223771,19
PEEP set,220339,1446
PH (Arterial),223830,724
PH (Venous),220274,107
PH (dipstick),220734,54
PICC - Heparin Dependent,229538,59
PICC Biopatch,229880,12
PICC Line Discontinued,225747,1
PICC Line Dressing Occlusive,227358,316
PICC Line Placement Confirmed by X-ray,227759,329
PICC Line Power PICC,229476,110
PICC Line Site Appear,224188,523
PICC Line Tip Cultured,225732,17
PICC Line placed in outside facility,226115,420
PO2 (Mixed Venous),227516,23
PSV Level,224701,616
PT Splint Location #1,224114,100
PT Splint Location #2,224456,101
PT Splint Location #3,224457,53
PT Splint Status #1,225180,76
PT Splint Status #2,225182,62
PT Splint Status #3,225194,37
PTT,227466,522
Pain Assessment Method,223795,1973
Pain Assessment Method,229687,157
Pain Cause,223784,1021
Pain Control,229293,2
Pain Controlled,229079,1
Pain Level,223791,1139
Pain Level Acceptable,223794,1277
Pain Level Response,224409,679
Pain Location,223783,1514
Pain Management,223792,2866
Pain NCP - Expected outcomes,228888,69
Pain NCP - Interventions,228890,1126
Pain NCP - Plan revised,229106,61
Pain NCP - Problem resolved,229107,170
Pain Present,223781,2129
Pain Type,223782,857
Palliative Care NCP - Expected outcomes,229150,4
Palliative Care NCP - Interventions,229152,14
Palliative Care NCP - Plan revised,229154,1
Palliative Care NCP - Problem resolved,229155,2
Parameters Checked,224168,2097
Paroxysmal Sweats,223810,46
Passey Muir Valve in use,223847,5
Passive Leg Raise Performed,228373,5
Past medical history,225059,195
Patient/Family Informed,227960,1300
Paw High,223873,1175
PeCO2,228878,10
Peak Insp. Pressure,224695,1168
Pericardial Drain Aspiration,225989,11
Pericardial Drain Drainage,223953,27
Pericardial Drain Flush,225990,12
Pericardial Drain Site,223954,27
Pericardial Drain Status,223952,27
Peritoneal Dialysis Catheter Status,225965,3
Peritoneal Dialysis Catheter Type,225963,3
Peritoneal Dialysis Fluid Appearance,225951,3
Phenytoin (Dilantin),227461,18
Pheresis Catheter Placement Confirmed by X-ray,227758,54
Pheresis Catheter Site Appear,225371,88
Pheresis Catheter Type,229537,54
Pheresis Catheter placed in outside facility,226122,54
Phosphorous,225677,690
Pin Care,225190,39
Pinsp (Draeger only),227187,11
Pinsp (Hamilton),229663,133
Plateau Pressure,224696,484
Plateau Pressure (IABP),228866,43
Platelet Count,227457,642
Pminimum,229662,131
Popliteal Pulse L,223946,23
Popliteal Pulse R,223941,18
Position,224093,3363
Position Change,227952,1312
Post Filter Replacement Rate,228006,856
Post menopausal,225085,17
Post-op Care NCP - Expected outcomes,228933,481
Post-op Care NCP - Interventions,228937,505
Post-op Care NCP - Plan revised,229108,30
Post-op Care NCP - Problem resolved,229109,64
PostTib. Pulses L,223947,1233
PostTib. Pulses R,223935,1254
Potassium (serum),227442,773
Potassium (whole blood),227464,272
Precautions: Standard +,223759,44
Pregnant,225082,24
Pressure Drop,229248,397
Pressure Reducing Device,224088,2223
Pressure Ulcer #1- Depth,228610,9
Pressure Ulcer #1- Location,228506,104
Pressure Ulcer #1- Treatment,228539,67
Pressure Ulcer #1- Type,228549,107
Pressure Ulcer #1- Width,228620,60
Pressure Ulcer #2- Depth,228611,9
Pressure Ulcer #2- Location,228507,25
Pressure Ulcer #2- Treatment,228540,22
Pressure Ulcer #2- Type,228550,26
Pressure Ulcer #2- Width,228621,22
Pressure Ulcer #3- Location,228508,8
Pressure Ulcer #3- Treatment,228541,8
Pressure Ulcer #3- Type,228551,10
Pressure Ulcer #4- Location,228509,11
Pressure Ulcer #4- Treatment,228542,11
Pressure Ulcer #4- Type,228552,11
Pressure Ulcer #4- Width,228623,11
Pressure Ulcer #5- Location,228510,11
Pressure Ulcer #5- Treatment,228543,11
Pressure Ulcer #5- Type,228553,11
Pressure Ulcer #5- Width,228624,11
Pressure Ulcer #6- Location,228511,4
Pressure Ulcer #6- Treatment,228544,2
Pressure Ulcer #6- Type,228554,4
Pressure Ulcer #7- Location,228512,1
Pressure Ulcer #7- Type,228555,1
Pressure Ulcer Present,228649,84
Pressure Ulcer Stage #1,224631,119
Pressure Ulcer Stage #10,227619,83
Pressure Ulcer Stage #2,224965,56
Pressure Ulcer Stage #3,224966,153
Pressure Ulcer Stage #4,224967,8
Pressure Ulcer Stage #5,224968,57
Pressure Ulcer Stage #6,224969,54
Pressure Ulcer Stage #7,224970,1
Pressure Ulcer Stage #8,224971,98
Pressure Ulcer Stage #9,227618,8
Pressure ulcer #1- Cleanse,228783,9
Pressure ulcer #1- Drainage,228753,25
Pressure ulcer #1- Drainage amount,228763,16
Pressure ulcer #1- Dressing status,228803,44
Pressure ulcer #1- Length,228723,60
Pressure ulcer #1- Odor,228773,14
Pressure ulcer #1- Stage,228813,98
Pressure ulcer #1- Surrounding tissue,228743,73
Pressure ulcer #1- Tunneling present,228833,66
Pressure ulcer #1- Undermining present,228843,37
Pressure ulcer #1- Wound Base,228733,114
Pressure ulcer #2- Cleanse,228784,3
Pressure ulcer #2- Drainage,228754,11
Pressure ulcer #2- Drainage amount,228764,5
Pressure ulcer #2- Dressing status,228804,5
Pressure ulcer #2- Length,228724,22
Pressure ulcer #2- Odor,228774,6
Pressure ulcer #2- Stage,228814,15
Pressure ulcer #2- Surrounding tissue,228744,20
Pressure ulcer #2- Tunneling present,228834,25
Pressure ulcer #2- Undermining present,228844,12
Pressure ulcer #2- Wound Base,228734,12
Pressure ulcer #3- Drainage,228755,3
Pressure ulcer #3- Drainage amount,228765,2
Pressure ulcer #3- Stage,228815,8
Pressure ulcer #3- Tunneling present,228835,8
Pressure ulcer #4- Cleanse,228786,1
Pressure ulcer #4- Drainage,228756,1
Pressure ulcer #4- Drainage amount,228766,1
Pressure ulcer #4- Dressing status,228806,1
Pressure ulcer #4- Length,228726,11
Pressure ulcer #4- Odor,228776,1
Pressure ulcer #4- Stage,228816,11
Pressure ulcer #4- Surrounding tissue,228746,11
Pressure ulcer #4- Tunneling present,228836,11
Pressure ulcer #4- Wound Base,228736,11
Pressure ulcer #5- Cleanse,228787,1
Pressure ulcer #5- Drainage,228757,2
Pressure ulcer #5- Dressing status,228807,2
Pressure ulcer #5- Length,228727,11
Pressure ulcer #5- Odor,228777,1
Pressure ulcer #5- Stage,228817,3
Pressure ulcer #5- Surrounding tissue,228747,3
Pressure ulcer #5- Wound Base,228737,11
Pressure ulcer #6- Drainage,228758,1
Pressure ulcer #6- Stage,228818,4
Pressure ulcer #6- Surrounding tissue,228748,4
Pressure ulcer #7- Drainage,228759,1
Pressure ulcer #7- Stage,228819,1
Pronator Drift,228401,108
Pronator drift present,227988,38
Prothrombin time,227465,478
Pulmonary Artery Pressure Alarm - High,220063,23
Pulmonary Artery Pressure Alarm - Low,220066,24
Pulmonary Artery Pressure diastolic,220060,296
Pulmonary Artery Pressure mean,220061,275
Pulmonary Artery Pressure systolic,220059,292
Pupil Response Left,227288,1257
Pupil Response Right,227121,1263
Pupil Size Left,224733,1272
Pupil Size Right,223907,1274
Pupils,224671,6
QTc,224359,5
RCexp (Measured Time Constant),229660,132
RL Strength/Movement,223918,619
RLE Color,223979,1026
RLE Sensation,223924,89
RLE Temp,224771,1081
RLL Lung Sounds,223987,2319
RSBI Deferred,224740,128
RU Strength/Movement,223917,619
RUE Color,223976,1042
RUE Sensation,224758,90
RUE Temp,224767,1085
RUL Lung Sounds,223986,2297
Radial Pulse L,223948,780
Radial Pulse R,223936,791
Range of Motion,227953,1306
Range of Motion Location,224092,131
Range of Motion Status,225176,123
Reason for CRRT Filter Change,225956,4
Reason for Immobilizer,227667,44
Reason for Restraint (Non-violent),227947,1957
Recreational drug use,225110,87
Recruitment Duration,224711,3
Recruitment Mode,224712,3
Recruitment Press,224710,3
Replacement Fluid,225976,1068
Replacement Rate,224153,1206
Resistance Exp,229664,131
Resistance Insp,229665,130
Resp Alarm - High,224161,822
Resp Alarm - Low,224162,822
Respiratory Effort,223990,1192
Respiratory Pattern,223985,1214
Respiratory Rate,220210,9396
Respiratory Rate (Set),224688,698
Respiratory Rate (Total),224690,960
Respiratory Rate (spontaneous),224689,1144
Response,224756,640
Response to Stimuli (Type),223916,671
Restlessness,224669,6
Restraint (Non-violent),227945,1416
Restraint Device (Non-violent),227948,1388
Restraint Location,227950,1361
Restraint Location_V2,227680,7
Restraint Ordered (Non-violent),227946,1257
Restraints Evaluated,227959,1336
Return Pressure,224152,1220
Richmond-RAS Scale,228096,1594
Riker-SAS Scale,223753,474
Risk for Falls,223754,233
SBT Deferred,224833,27
SBT Started,224715,91
SBT Stopped,224716,15
SBT Successfully Completed,224717,61
ST Segment Monitoring On,228305,1232
SV (Arterial),227547,51
SVI Change,228377,3
SVV (Arterial),227546,51
Safety Measures,227684,892
Safety Measures,227700,106
Safety Measures,227969,11507
Safety Restraints NCP - Expected outcomes,228983,332
Safety Restraints NCP - Interventions,228988,1417
Safety Restraints NCP - Plan revised,229110,53
Safety Restraints NCP - Problem resolved,229111,123
ScvO2 (Presep),227549,78
Secondary diagnosis,227342,973
Sed Rate,227470,1
See chart for initial patient assessment,225175,27
Seizure,223824,45
Seizure Activity,223923,78
Seizure Activity,228413,1
Seizure Duration,223925,12
Self ADL,225092,117
Serum Osmolality,225684,8
Service,224640,116
Sexuality / reproductive problems,226180,100
Sheath Line Dressing Occlusive,227356,24
Sheath Site Appear,225767,30
Sheath Waveform Appear,225770,20
Sheath Zero/Calibrate,225771,2
Sheath placed in outside facility,226117,24
Shivering Assessment,228318,34
Shoulder Shrug,229385,63
Side  Rails,227961,1283
Side Rails,227944,2014
Side Rails_V2,227668,182
Signs of Injury from Intervention,227957,1304
Skin Care,225185,527
Skin Color,224028,1497
Skin Condition,224860,1477
Skin Integrity,224026,1523
Skin Temperature,224027,1515
Slope,225978,1068
Slurred Speech,223828,38
Small Volume Neb Drug #2,227133,20
Small Volume Neb Drug/Dose #1,227570,111
Social work consult,225078,86
Sodium (serum),220645,777
Sodium (whole blood),226534,80
Solution (Peritoneal Dialysis),225953,3
SpO2 Desat Limit,226253,822
Special diet,225122,100
Specific Gravity (urine),227471,54
Speech,223902,742
Speech,228414,701
Spiritual Support,224025,8
Spont RR,224422,77
Spont Vt,224421,77
Spontaneous Movement,223911,716
Sputum Amount,224373,855
Sputum Color,224370,788
Sputum Consistency,224369,773
Sputum Source,224372,848
Status and Comfort,227954,1626
Stool Color,224794,335
Stool Consistency,224011,322
Stool Guaiac,224013,66
Stool Guaiac QC,227801,35
Stool Management,224012,205
Strength L Arm,228409,703
Strength L Leg,228410,696
Strength R Arm,228412,703
Strength R Leg,228411,697
Stroke Volume (SV NICOM),228374,5
Stroke Volume Index (SVI NICOM),228375,6
Stroke Volume Variation (SVV NICOM),228376,2
Subglottal Suctioning,226169,729
Support Systems,224023,1023
Surrounding Tissue #1,224565,701
Surrounding Tissue #10,227621,139
Surrounding Tissue #2,224972,408
Surrounding Tissue #3,224973,334
Surrounding Tissue #4,224974,99
Surrounding Tissue #5,224975,191
Surrounding Tissue #6,224976,207
Surrounding Tissue #7,224977,57
Surrounding Tissue #8,224978,112
Surrounding Tissue #9,227620,15
Sustained Nystagmus,223825,34
SvO2,223772,241
SvO2 SQI,227805,23
Sweating,224668,6
System Integrity,224146,1420
T High (APRV),224707,5
T Low (APRV),224709,5
TCO2 (calc) Arterial,225698,714
TCO2 (calc) Venous,223679,99
TOF Response,224413,44
TOF Twitch,224414,17
TOF Twitch,229316,18
Tactile Disturbances,223818,46
Teaching directed toward,225131,96
Temperature Celsius,223762,605
Temperature Fahrenheit,223761,2235
Temperature Site,224642,2896
Temporary AV interval,220194,10
Temporary Atrial Capture,224866,14
Temporary Atrial Sens,224390,21
Temporary Atrial Sens Setting mV,224753,17
Temporary Atrial Sens Threshold mV,224752,7
Temporary Atrial Stim Setting mA,224755,18
Temporary Atrial Stim Threshold mA,224754,6
Temporary Pacemaker Mode,223956,84
Temporary Pacemaker Rate,224751,82
Temporary Pacemaker Type,223955,85
Temporary Pacemaker Wire Condition,223961,85
Temporary Pacemaker Wires Atrial,224839,78
Temporary Pacemaker Wires Venticular,223962,80
Temporary Venticular Sens Threshold mV,223958,19
Temporary Venticular Stim Threshold mA,223960,20
Temporary Ventricular Capture,224835,40
Temporary Ventricular Sens,224834,39
Temporary Ventricular Sens Setting mV,224837,46
Temporary Ventricular Stim Setting mA,224838,54
Test Performed (AM-PAC),229636,4
Therapeutic Bed,224087,1943
Therapeutic Bed,229604,199
Therapeutic Bed,229858,333
Thoracic Fluid Content (TFC) (NICOM),228380,1
Tidal Volume (observed),224685,1192
Tidal Volume (set),224684,667
Tidal Volume (spontaneous),224686,607
Tobacco Use History,227687,92
Tongue,229384,81
Total Bilirubin,225690,246
Total Granulocyte Count (TGC),225692,6
Total PEEP Level,224700,359
Total Peripheral Resistance (TPR) (NICOM),228381,2
Total Peripheral Resistance Index (TPRI) (NICOM),228382,2
Total Protein,220650,5
Trach Care,227130,82
Trach Tube Manufacturer,224830,267
Trach Tube Size (I.D.),224831,264
Trach Tube Type,224829,322
Traction/Immobile #1,224112,118
Traction/Immobile #2,224449,109
Traction/Immobile #3,224450,59
Traction/Immobile Location #1,224113,118
Traction/Immobile Location #2,224452,109
Traction/Immobile Location #3,224453,59
Trans Membrane Pressure,229247,397
Transcutaneous Pacer Placement,223966,18
Transpulmonary Pressure (Exp. Hold),224746,24
Transpulmonary Pressure (Insp. Hold),224747,23
Tremor (CINA),224677,6
Tremor (CIWA),223806,46
Triglyceride,225693,12
Troponin-T,227429,97
Tunneled (Hickman) Dressing Occlusive,227359,11
Tunneled (Hickman) Placement Confirmed by X-ray,227764,11
Tunneled (Hickman) Site Appear,225331,14
Tunneled (Hickman) placed in outside facility,226121,11
Tunneling Present #1,224632,369
Tunneling Present #10,227623,83
Tunneling Present #2,224979,214
Tunneling Present #3,224980,131
Tunneling Present #4,224981,134
Tunneling Present #5,224982,88
Tunneling Present #6,224983,85
Tunneling Present #7,224984,143
Tunneling Present #8,224985,78
Tunneling Present #9,227622,40
Turn,224082,3502
Ulnar Pulse L,223949,34
Ulnar Pulse R,223938,45
Ultrafiltrate Output,226457,1322
Unable to assess activity / mobility,225091,45
Unable to assess cognitive / perceptual,225086,41
Unable to assess habits,225105,22
Unable to assess nutrition / education,225117,42
Unable to assess pain,225112,36
Unable to assess psychological,225070,52
Unable to assess teaching / learning needs,225129,33
Unassisted Systole,224652,49
Undermining Present #1,224633,235
Undermining Present #10,227625,83
Undermining Present #2,224986,172
Undermining Present #3,224987,131
Undermining Present #4,224988,68
Undermining Present #5,224989,88
Undermining Present #6,224990,78
Undermining Present #7,224991,73
Undermining Present #8,224992,78
Undermining Present #9,227624,40
Unintentional weight loss >10 lbs.,225124,69
Untoward Effect,223796,724
Uric Acid,225695,41
Urinal/Bedpan,227956,1050
Urine Appearance,224876,1236
Urine Color,224016,1322
Urine Source,224015,1562
Use of assistive devices,225101,86
VEN Lumen Volume,224406,363
Vancomycin (Random),227454,48
Vancomycin (Trough),227455,40
Vaulables Checklist,229685,9
Vd/Vt Ratio,224743,2
Venous CO2 Pressure,226062,99
Venous O2 Pressure,226063,100
Ventilator Mode,223849,952
Ventilator Mode (Hamilton),229314,336
Ventilator Tank #1,227565,421
Ventilator Tank #2,227566,417
Ventilator Type,223848,1142
Visual / hearing deficit,225087,108
Visual Disturbances,223819,46
Visual Field Cut,228400,132
Volume In (PD),225806,4
Volume Out (PD),225807,4
Vti High,223874,1126
WBC,220546,618
Warming Device,224105,353
Warming Device,229686,81
Warming Device Status,225050,375
Yawning,224672,6
